<?xml version="1.0" encoding="UTF-8"?>
<metadata xml:lang="en"><Esri><CreaDate>20200930</CreaDate><CreaTime>14030500</CreaTime><ArcGISFormat>1.0</ArcGISFormat><SyncOnce>TRUE</SyncOnce><DataProperties><lineage><Process ToolSource="c:\program files (x86)\arcgis\desktop10.8\ArcToolbox\Toolboxes\Data Management Tools.tbx\CalculateField" Date="20200929" Time="175357">CalculateField bra_admbndl_ALL_2020_v01 admLevel 99 VB #</Process><Process ToolSource="c:\program files (x86)\arcgis\desktop10.8\ArcToolbox\Toolboxes\Data Management Tools.tbx\CalculateField" Date="20200929" Time="175455">CalculateField bra_admbndl_ALL_2020_v01 admLevel 99 VB #</Process><Process ToolSource="c:\program files (x86)\arcgis\desktop10.8\ArcToolbox\Toolboxes\Data Management Tools.tbx\CalculateField" Date="20200929" Time="175529">CalculateField bra_admbndl_ALL_2020_v01 admLevel 99 VB #</Process><Process ToolSource="c:\program files (x86)\arcgis\desktop10.8\ArcToolbox\Toolboxes\Data Management Tools.tbx\CalculateField" Date="20200929" Time="175744">CalculateField bra_admbndl_ALL_2020_v01 admLevel 1 VB #</Process><Process ToolSource="c:\program files (x86)\arcgis\desktop10.8\ArcToolbox\Toolboxes\Data Management Tools.tbx\CalculateField" Date="20200929" Time="175833">CalculateField bra_admbndl_ALL_2020_v01 admLevel 2 VB #</Process></lineage></DataProperties></Esri></metadata>
