<?xml version="1.0" encoding="UTF-8"?>
<metadata xml:lang="en"><Esri><CreaDate>20200930</CreaDate><CreaTime>11393900</CreaTime><ArcGISFormat>1.0</ArcGISFormat><SyncOnce>FALSE</SyncOnce><DataProperties><itemProps><itemName Sync="TRUE">bra_admbnda_adm0_ibge_2020</itemName><imsContentType Sync="TRUE">002</imsContentType><itemLocation><linkage Sync="TRUE">file://\\DESKTOP-23QR083\D$\OCHA\CODS\Countries\BRA\BRA 2020_09_29 FIS\bra_adm_2020_SHP\bra_admbnda_adm0_ibge_2020.shp</linkage><protocol Sync="TRUE">Local Area Network</protocol></itemLocation><itemSize Sync="TRUE">0.000</itemSize></itemProps><lineage><Process ToolSource="c:\program files (x86)\arcgis\desktop10.8\ArcToolbox\Toolboxes\Conversion Tools.tbx\FeatureClassToFeatureClass" Date="20200929" Time="150036">FeatureClassToFeatureClass bra_admbnda_adm2_2020_v02 "D:\OCHA\CODS\Countries\BRA\BRA 2020_09_29 FIS\bra_cod_ab.gdb\ab" adm2 # "ADM0_EN "ADM0_EN" true true false 254 Text 0 0 ,First,#,bra_admbnda_adm2_2020_v02,ADM0_EN,-1,-1;ADM0_PT "ADM0_PT" true true false 254 Text 0 0 ,First,#,bra_admbnda_adm2_2020_v02,ADM0_PT,-1,-1;ADM0_PCODE "ADM0_PCODE" true true false 254 Text 0 0 ,First,#,bra_admbnda_adm2_2020_v02,ADM0_PCODE,-1,-1;ADM1_PT "ADM1_PT" true true false 254 Text 0 0 ,First,#,bra_admbnda_adm2_2020_v02,ADM1_PT,-1,-1;ADM1_POCDE "ADM1_POCDE" true true false 254 Text 0 0 ,First,#,bra_admbnda_adm2_2020_v02,ADM1_POCDE,-1,-1;ADM2_PT "ADM2_PT" true true false 254 Text 0 0 ,First,#,bra_admbnda_adm2_2020_v02,ADM2_PT,-1,-1;ADM2_PCODE "ADM2_PCODE" true true false 254 Text 0 0 ,First,#,bra_admbnda_adm2_2020_v02,ADM2_PCODE,-1,-1" #</Process><Process ToolSource="c:\program files (x86)\arcgis\desktop10.8\ArcToolbox\Toolboxes\Conversion Tools.tbx\FeatureClassToFeatureClass" Date="20200929" Time="160247">FeatureClassToFeatureClass "D:\OCHA\CODS\Countries\BRA\BRA 2020_09_29 FIS\bra_cod_ab.gdb\ab\adm2" "D:\OCHA\CODS\Countries\BRA\BRA 2020_09_29 FIS\bra_cod_ab.gdb\ab" adm2_v2 # "ADM0_EN "ADM0_EN" true true false 254 Text 0 0 ,First,#,D:\OCHA\CODS\Countries\BRA\BRA 2020_09_29 FIS\bra_cod_ab.gdb\ab\adm2,ADM0_EN,-1,-1;ADM0_PT "ADM0_PT" true true false 254 Text 0 0 ,First,#,D:\OCHA\CODS\Countries\BRA\BRA 2020_09_29 FIS\bra_cod_ab.gdb\ab\adm2,ADM0_PT,-1,-1;ADM0_PCODE "ADM0_PCODE" true true false 254 Text 0 0 ,First,#,D:\OCHA\CODS\Countries\BRA\BRA 2020_09_29 FIS\bra_cod_ab.gdb\ab\adm2,ADM0_PCODE,-1,-1;ADM1_PT "ADM1_PT" true true false 254 Text 0 0 ,First,#,D:\OCHA\CODS\Countries\BRA\BRA 2020_09_29 FIS\bra_cod_ab.gdb\ab\adm2,ADM1_PT,-1,-1;ADM1_POCDE "ADM1_POCDE" true true false 254 Text 0 0 ,First,#,D:\OCHA\CODS\Countries\BRA\BRA 2020_09_29 FIS\bra_cod_ab.gdb\ab\adm2,ADM1_POCDE,-1,-1;ADM2_PT "ADM2_PT" true true false 254 Text 0 0 ,First,#,D:\OCHA\CODS\Countries\BRA\BRA 2020_09_29 FIS\bra_cod_ab.gdb\ab\adm2,ADM2_PT,-1,-1;ADM2_PCODE "ADM2_PCODE" true true false 254 Text 0 0 ,First,#,D:\OCHA\CODS\Countries\BRA\BRA 2020_09_29 FIS\bra_cod_ab.gdb\ab\adm2,ADM2_PCODE,-1,-1;Shape_Length "Shape_Length" false true true 8 Double 0 0 ,First,#,D:\OCHA\CODS\Countries\BRA\BRA 2020_09_29 FIS\bra_cod_ab.gdb\ab\adm2,Shape_Length,-1,-1;Shape_Area "Shape_Area" false true true 8 Double 0 0 ,First,#,D:\OCHA\CODS\Countries\BRA\BRA 2020_09_29 FIS\bra_cod_ab.gdb\ab\adm2,Shape_Area,-1,-1" #</Process><Process ToolSource="c:\program files (x86)\arcgis\desktop10.8\ArcToolbox\Toolboxes\Conversion Tools.tbx\FeatureClassToFeatureClass" Date="20200929" Time="162812">FeatureClassToFeatureClass "D:\OCHA\CODS\Countries\BRA\BRA 2020_09_29 FIS\bra_cod_ab.gdb\ab\adm2_v2" "D:\OCHA\CODS\Countries\BRA\BRA 2020_09_29 FIS\bra_cod_ab.gdb\ab" adm2_v3 # "ADM0_EN "ADM0_EN" true true false 254 Text 0 0 ,First,#,D:\OCHA\CODS\Countries\BRA\BRA 2020_09_29 FIS\bra_cod_ab.gdb\ab\adm2_v2,ADM0_EN,-1,-1;ADM0_PT "ADM0_PT" true true false 254 Text 0 0 ,First,#,D:\OCHA\CODS\Countries\BRA\BRA 2020_09_29 FIS\bra_cod_ab.gdb\ab\adm2_v2,ADM0_PT,-1,-1;ADM0_PCODE "ADM0_PCODE" true true false 254 Text 0 0 ,First,#,D:\OCHA\CODS\Countries\BRA\BRA 2020_09_29 FIS\bra_cod_ab.gdb\ab\adm2_v2,ADM0_PCODE,-1,-1;ADM1_PT "ADM1_PT" true true false 254 Text 0 0 ,First,#,D:\OCHA\CODS\Countries\BRA\BRA 2020_09_29 FIS\bra_cod_ab.gdb\ab\adm2_v2,ADM1_PT,-1,-1;ADM1_POCDE "ADM1_POCDE" true true false 254 Text 0 0 ,First,#,D:\OCHA\CODS\Countries\BRA\BRA 2020_09_29 FIS\bra_cod_ab.gdb\ab\adm2_v2,ADM1_POCDE,-1,-1;ADM2_PT "ADM2_PT" true true false 254 Text 0 0 ,First,#,D:\OCHA\CODS\Countries\BRA\BRA 2020_09_29 FIS\bra_cod_ab.gdb\ab\adm2_v2,ADM2_PT,-1,-1;ADM2_PCODE "ADM2_PCODE" true true false 254 Text 0 0 ,First,#,D:\OCHA\CODS\Countries\BRA\BRA 2020_09_29 FIS\bra_cod_ab.gdb\ab\adm2_v2,ADM2_PCODE,-1,-1;Shape_Length "Shape_Length" false true true 8 Double 0 0 ,First,#,D:\OCHA\CODS\Countries\BRA\BRA 2020_09_29 FIS\bra_cod_ab.gdb\ab\adm2_v2,Shape_Length,-1,-1;Shape_Area "Shape_Area" false true true 8 Double 0 0 ,First,#,D:\OCHA\CODS\Countries\BRA\BRA 2020_09_29 FIS\bra_cod_ab.gdb\ab\adm2_v2,Shape_Area,-1,-1" #</Process><Process ToolSource="c:\program files (x86)\arcgis\desktop10.8\ArcToolbox\Toolboxes\Data Management Tools.tbx\Dissolve" Date="20200930" Time="122034">Dissolve bra_admbnda_adm2_ibge_2020 "D:\OCHA\CODS\Countries\BRA\BRA 2020_09_29 FIS\bra_adm_2020_SHP\bra_admbnda_adm0_ibge_2020.shp" ADM0_EN;ADM0_PT;ADM0_PCODE # MULTI_PART DISSOLVE_LINES</Process></lineage></DataProperties><SyncDate>20200930</SyncDate><SyncTime>12202900</SyncTime><ModDate>20200930</ModDate><ModTime>12202900</ModTime></Esri><dataIdInfo><envirDesc Sync="TRUE"> Version 6.2 (Build 9200) ; Esri ArcGIS 10.8.1.14362</envirDesc><dataLang><languageCode value="eng" Sync="TRUE"></languageCode><countryCode value="CAN" Sync="TRUE"></countryCode></dataLang><idCitation><resTitle Sync="TRUE">bra_admbnda_adm0_ibge_2020</resTitle><presForm><PresFormCd value="005" Sync="TRUE"></PresFormCd></presForm></idCitation><spatRpType><SpatRepTypCd value="001" Sync="TRUE"></SpatRepTypCd></spatRpType></dataIdInfo><mdLang><languageCode value="eng" Sync="TRUE"></languageCode><countryCode value="CAN" Sync="TRUE"></countryCode></mdLang><distInfo><distFormat><formatName Sync="TRUE">Shapefile</formatName></distFormat><distTranOps><transSize Sync="TRUE">0.000</transSize></distTranOps></distInfo><mdHrLv><ScopeCd value="005" Sync="TRUE"></ScopeCd></mdHrLv><mdHrLvName Sync="TRUE">dataset</mdHrLvName><spatRepInfo><VectSpatRep><geometObjs Name="bra_admbnda_adm0_ibge_2020"><geoObjTyp><GeoObjTypCd value="002" Sync="TRUE"></GeoObjTypCd></geoObjTyp><geoObjCnt Sync="TRUE">0</geoObjCnt></geometObjs><topLvl><TopoLevCd value="001" Sync="TRUE"></TopoLevCd></topLvl></VectSpatRep></spatRepInfo><spdoinfo><ptvctinf><esriterm Name="bra_admbnda_adm0_ibge_2020"><efeatyp Sync="TRUE">Simple</efeatyp><efeageom code="4" Sync="TRUE"></efeageom><esritopo Sync="TRUE">FALSE</esritopo><efeacnt Sync="TRUE">0</efeacnt><spindex Sync="TRUE">FALSE</spindex><linrefer Sync="TRUE">FALSE</linrefer></esriterm></ptvctinf></spdoinfo><eainfo><detailed Name="bra_admbnda_adm0_ibge_2020"><enttyp><enttypl Sync="TRUE">bra_admbnda_adm0_ibge_2020</enttypl><enttypt Sync="TRUE">Feature Class</enttypt><enttypc Sync="TRUE">0</enttypc></enttyp><attr><attrlabl Sync="TRUE">FID</attrlabl><attalias Sync="TRUE">FID</attalias><attrtype Sync="TRUE">OID</attrtype><attwidth Sync="TRUE">4</attwidth><atprecis Sync="TRUE">0</atprecis><attscale Sync="TRUE">0</attscale><attrdef Sync="TRUE">Internal feature number.</attrdef><attrdefs Sync="TRUE">Esri</attrdefs><attrdomv><udom Sync="TRUE">Sequential unique whole numbers that are automatically generated.</udom></attrdomv></attr><attr><attrlabl Sync="TRUE">Shape</attrlabl><attalias Sync="TRUE">Shape</attalias><attrtype Sync="TRUE">Geometry</attrtype><attwidth Sync="TRUE">0</attwidth><atprecis Sync="TRUE">0</atprecis><attscale Sync="TRUE">0</attscale><attrdef Sync="TRUE">Feature geometry.</attrdef><attrdefs Sync="TRUE">Esri</attrdefs><attrdomv><udom Sync="TRUE">Coordinates defining the features.</udom></attrdomv></attr><attr><attrlabl Sync="TRUE">ADM0_EN</attrlabl><attalias Sync="TRUE">ADM0_EN</attalias><attrtype Sync="TRUE">String</attrtype><attwidth Sync="TRUE">254</attwidth><atprecis Sync="TRUE">0</atprecis><attscale Sync="TRUE">0</attscale></attr><attr><attrlabl Sync="TRUE">ADM0_PT</attrlabl><attalias Sync="TRUE">ADM0_PT</attalias><attrtype Sync="TRUE">String</attrtype><attwidth Sync="TRUE">254</attwidth><atprecis Sync="TRUE">0</atprecis><attscale Sync="TRUE">0</attscale></attr><attr><attrlabl Sync="TRUE">ADM0_PCODE</attrlabl><attalias Sync="TRUE">ADM0_PCODE</attalias><attrtype Sync="TRUE">String</attrtype><attwidth Sync="TRUE">254</attwidth><atprecis Sync="TRUE">0</atprecis><attscale Sync="TRUE">0</attscale></attr></detailed></eainfo><mdDateSt Sync="TRUE">20200930</mdDateSt><mdChar><CharSetCd value="004" Sync="TRUE"></CharSetCd></mdChar></metadata>
